label,precision,recall,f1-score,support
Negative,0.08163265306122448,0.23529411764705882,0.12121212121212122,17.0
Neutral,0.4666666666666667,0.25339366515837103,0.3284457478005865,221.0
Positive,0.6618357487922706,0.7942028985507247,0.7220026350461133,345.0
