label,precision,recall,f1-score,support
negative,0.5954545454545455,0.4924812030075188,0.5390946502057613,266.0
neutral,0.37727272727272726,0.22015915119363394,0.2780569514237856,377.0
positive,0.5641711229946524,0.7743119266055046,0.6527455529775715,545.0
