label,precision,recall,f1-score,support
Negative,0.0,0.0,0.0,17.0
Neutral,0.7889908256880734,0.7782805429864253,0.7835990888382688,221.0
Positive,0.8493150684931506,0.8985507246376812,0.8732394366197183,345.0
