label,precision,recall,f1-score,support
negative,0.8796992481203008,0.8796992481203008,0.8796992481203008,266.0
neutral,0.7553191489361702,0.753315649867374,0.7543160690571049,377.0
positive,0.8553113553113553,0.8568807339449541,0.8560953253895509,545.0
