label,precision,recall,f1-score,support
negative,0.89272030651341,0.8759398496240601,0.8842504743833017,266.0
neutral,0.7612359550561798,0.7188328912466844,0.7394270122783083,377.0
positive,0.8353765323992994,0.8752293577981651,0.8548387096774194,545.0
