label,precision,recall,f1-score,support
Negative,0.42857142857142855,0.17647058823529413,0.25,17.0
Neutral,0.8102564102564103,0.7149321266968326,0.7596153846153846,221.0
Positive,0.8320209973753281,0.9188405797101449,0.8732782369146006,345.0
